Employee_Name,EmpID,PayRate,Position,State,Zip,DOB,Sex,MaritalDesc,CitizenDesc,RaceDesc,DateofHire,DateofTermination,TermReason,EmploymentStatus,Department,ManagerName,RecruitmentSource,PerformanceScore,EngagementSurvey,SpecialProjectsCount,EmpSatisfaction
"Barton, Nader",1212051962,48,Production Technician I,MA,2747,7/15/77,M ,Divorced,US Citizen,White,9/24/12,4/6/13,Another position,Voluntarily Terminated,Production       ,Michael Albert,On-line Web application,Fully Meets,5,4,56.06342957
"Costa, Latia",1409070567,55,Area Sales Manager,CA,90007,11/8/88,F,Single,US Citizen,White,1/10/11,,N/A - still employed,Active,Sales,Lynn Daneault,Other,Exceeds,4.77,1,53.27696255
"Cierpiszewski, Caroline  ",1012023295,32,Production Technician I,MA,2044,5/31/88,F,Single,Non-Citizen,Black or African American,10/3/11,,N/A - still employed,Active,Production       ,Ketsia Liebig,Pay Per Click - Google,Fully Meets,3.58,6,53.11787029
"Carr, Claudia  N",1010022337,61.3,Sr. DBA,MA,1886,6/6/86,F,Single,US Citizen,Black or African American,6/30/16,,N/A - Has not started yet,Future Start,IT/IS,Simon Roup,Vendor Referral,Fully Meets,5,6,53.00547933
"Dobrin, Denisa  S",1202031618,32,Production Technician I,MA,2125,10/7/86,F,Single,US Citizen,White,4/2/12,,N/A - still employed,Active,Production       ,David Stanley,Monster.com,Fully Meets,2.79,0,52.94822593
"Purinton, Janine",1011022926,32,Production Technician I,MA,2474,9/22/70,F,Divorced,US Citizen,White,9/24/12,6/18/13,unhappy,Voluntarily Terminated,Production       ,Kissy Sullivan,Billboard,Fully Meets,1.5,0,52.79722898
"Digitale, Alfred",1306059197,56,Area Sales Manager,NH,3062,9/14/88,M ,Married,US Citizen,American Indian or Alaska Native,8/18/14,,N/A - still employed,Active,Sales,John Smith,Pay Per Click - Google,Fully Meets,3.6,2,56.858585
"Bramante, Elisa",1006020066,60,Director of Operations,MA,2030,3/19/83,F,Single,US Citizen,Black or African American,1/5/09,,N/A - still employed,Active,Production       ,Janet King,Other,Exceeds,3.02,0,52.74096444
"Robinson, Elias",1011022887,34,Production Technician I,MA,1730,1/28/85,M ,Widowed,US Citizen,White,7/8/13,,N/A - still employed,Active,Production       ,Brannon Miller,Employee Referral,Exceeds,3.02,3,52.70452308
"Rarrick, Quinn",1208048229,31,Production Technician I,MA,2478,12/31/84,M ,Divorced,US Citizen,White,9/26/11,4/7/12,more money,Voluntarily Terminated,Production       ,Michael Albert,Pay Per Click - Google,Fully Meets,3.8,0,52.70247922
"Martin, Sandra",1303054625,55.51,Software Engineer,MA,2135,11/7/87,F,Single,US Citizen,Asian,11/11/13,,N/A - still employed,Active,Software Engineering,Alex Sweetwater,Search Engine - Google Bing Yahoo,Fully Meets,1.53,4,52.62953901
"Jhaveri, Sneha  ",1412071713,29,Production Technician I,MA,2109,4/13/64,F,Separated,US Citizen,White,1/6/14,,N/A - still employed,Active,Production       ,Kelley Spirea,On-campus Recruiting,Fully Meets,5,4,52.54102082
"Fitzpatrick, Michael  J",1109029103,39,Production Technician II,MA,2143,10/1/81,M ,Single,US Citizen,White,5/16/11,6/24/13,hours,Voluntarily Terminated,Production       ,Amy Dunn,Social Networks - Facebook Twitter etc,Fully Meets,4.76,0,52.06217072
"Smith, Jason",1009919980,46,BI Developer,MA,2045,9/4/83,M ,Single,US Citizen,White,2/15/17,,N/A - still employed,Active,IT/IS,Brian Champaigne,Indeed,Fully Meets,3.01,7,52.05375805
"Champaigne, Brian",1009919920,63.5,BI Director,MA,2045,2/9/72,M ,Married,US Citizen,White,9/6/16,,N/A - still employed,Active,IT/IS,Jennifer Zamora,Professional Society,Fully Meets,4.5,7,56.8484848
"Volk, Colleen",1011022814,36,Production Technician I,MA,2747,6/3/86,F,Married,US Citizen,White,9/26/11,2/8/16,gross misconduct,Terminated for Cause,Production       ,Kelley Spirea,Social Networks - Facebook Twitter etc,Exceeds,2.79,10,57.0040404
"Zima, Colleen",1211051232,15,Production Technician I,MA,1730,8/17/78,F,Widowed,US Citizen,Asian,9/29/14,,N/A - still employed,Active,Production       ,David Stanley,On-campus Recruiting,Fully Meets,1.24,0,51.75207265
"Zamora, Jennifer",1112030816,65,CIO,MA,2067,8/30/79,F,Single,US Citizen,White,4/10/10,,N/A - still employed,Active,IT/IS,Janet King,Employee Referral,Exceeds,1.12,6,51.72346024
"Steans, Tyrone  ",1302053333,29,Accountant I,MA,2703,9/1/86,M ,Single,US Citizen,White,9/29/14,,N/A - still employed,Active,Admin Offices,Brandon R. LeBlanc,Internet Search,Fully Meets,3.9,5,51.71415067
"Sullivan, Timothy",1201031310,19,Production Technician I,MA,2747,10/7/82,M ,Married,US Citizen,White,1/5/15,,N/A - still employed,Active,Production       ,Michael Albert,Word of Mouth,Fully Meets,4.36,0,55.030303
"Daniele, Ann  ",1411071312,54.1,Sr. Network Engineer,CT,6033,1/18/52,F,Married,US Citizen,White,11/10/14,,N/A - still employed,Leave of Absence,IT/IS,Peter Monroe,Vendor Referral,Fully Meets,1.55,8,54.3939494
"Lajiri,  Jyoti",1108028108,56.2,Sr. Network Engineer,MA,2169,4/23/86,M ,Married,US Citizen,White,11/10/14,,N/A - still employed,Leave of Absence,IT/IS,Peter Monroe,Employee Referral,Fully Meets,4.46,6,51.40373444
"Gosciminski, Phylicia  ",1108028351,27,Production Technician II,MA,1824,12/8/83,F,Separated,US Citizen,American Indian or Alaska Native,9/30/13,,N/A - still employed,Leave of Absence,Production       ,Kissy Sullivan,Word of Mouth,Fully Meets,2.57,0,51.33637582
"Del Bosque, Keyla",1203032498,57.12,Software Engineer,MA,2176,7/5/79,F,Single,US Citizen,Black or African American,1/9/12,,N/A - still employed,Active,Software Engineering,Alex Sweetwater,Monster.com,Fully Meets,3.79,5,51.3201821
"Pelletier, Ermine",1202031821,28,Production Technician II,MA,2472,7/18/89,F,Married,US Citizen,Asian,7/5/11,9/15/11,unhappy,Voluntarily Terminated,Production       ,Amy Dunn,Monster.com,Needs Improvement,1.03,0,51.28858077
"Rossetti, Bruno",1405067492,18,Production Technician I,MA,2155,3/18/87,M ,Single,US Citizen,White,4/4/11,8/13/12,Another position,Voluntarily Terminated,Production       ,Kissy Sullivan,Search Engine - Google Bing Yahoo,Fully Meets,5,0,51.22537589
"Nguyen, Lei-Ming",1203032357,19,Production Technician I,MA,2132,7/7/84,F,Single,US Citizen,White,7/8/13,,N/A - still employed,Active,Production       ,David Stanley,Vendor Referral,Fully Meets,2.79,0,51.18834982
"Foster-Baker, Amy",1201031308,34.95,Sr. Accountant,MA,2050,4/16/79,F,Married,US Citizen,White,1/5/09,,N/A - still employed,Active,Admin Offices,Board of Directors,Other,Fully Meets,5,2,51.1788383
"Carter, Michelle ",1403065721,55,Area Sales Manager,VT,5664,5/15/63,F,Single,US Citizen,White,8/18/14,,N/A - still employed,Active,Sales,John Smith,Billboard,Fully Meets,5,2,51.16459031
"Fidelia,  Libby",1006020020,24,Production Technician I,MA,2155,3/16/81,F,Married,US Citizen,White,1/9/12,,N/A - still employed,Active,Production       ,Brannon Miller,Social Networks - Facebook Twitter etc,Fully Meets,5,0,51.13015142
"Friedman, Gerry",1204032843,55.5,Area Sales Manager,NY,10171,2/24/69,M ,Single,US Citizen,Two or more races,3/7/11,,N/A - still employed,Active,Sales,John Smith,Diversity Job Fair,Fully Meets,3.65,0,51.10354593
"Petrowsky, Thelma",1108027853,42.75,Data Analyst,MA,1886,9/16/84,F,Married,US Citizen,Asian,11/10/14,,N/A - still employed,Active,IT/IS,Simon Roup,Employee Referral,Exceeds,3.71,7,51.088195
"Peters, Lauren",1411071406,29,Production Technician II,MA,1886,8/17/86,F,Married,US Citizen,White,5/16/11,2/4/12,more money,Voluntarily Terminated,Production       ,Ketsia Liebig,Pay Per Click - Google,Exceeds,1.79,5,51.00359506
"Tinto, Theresa  ",1103024504,20,Production Technician I,MA,1876,7/30/83,F,Divorced,US Citizen,White,1/10/11,5/14/11,Another position,Voluntarily Terminated,Production       ,Ketsia Liebig,Social Networks - Facebook Twitter etc,Fully Meets,2.81,0,50.82528553
"Sutwell, Barbara",1407069061,14,Production Technician I,MA,2718,8/15/68,F,Single,Eligible NonCitizen,Asian,5/14/12,,N/A - still employed,Active,Production       ,Elijiah Gray,Glassdoor,Fully Meets,2.77,0,50.75673261
"Sadki, Nore  ",1308060535,21,Production Technician I,MA,2148,12/21/74,M ,Single,US Citizen,White,1/5/09,7/30/10,relocation out of area,Voluntarily Terminated,Production       ,Michael Albert,Word of Mouth,Fully Meets,1.53,2,50.69543772
"Bacong, Alejandro ",1212052023,45,IT Support,MA,1886,1/7/88,M ,Divorced,US Citizen,White,1/5/15,,N/A - still employed,Active,IT/IS,Peter Monroe,Glassdoor,Fully Meets,1.84,6,50.69145152
"Demita, Carla",1104025179,29,Production Technician II,MA,2343,2/25/51,F,Separated,US Citizen,Black or African American,4/4/11,11/4/15,more money,Voluntarily Terminated,Production       ,Kelley Spirea,Search Engine - Google Bing Yahoo,Fully Meets,4.62,0,50.68453464
"Walker, Roger",1011022818,22,Production Technician II,MA,2459,2/10/76,M ,Single,US Citizen,Black or African American,8/18/14,,N/A - still employed,Active,Production       ,Ketsia Liebig,Employee Referral,Fully Meets,3.11,1,50.64290427
"Faller, Megan ",1108028428,27,Production Technician II,MA,1824,9/22/78,F,Married,US Citizen,Black or African American,7/7/14,,N/A - still employed,Active,Production       ,Elijiah Gray,Professional Society,Fully Meets,1.49,0,50.54462283
"Homberger, Adrienne  J",1207046956,28,Production Technician II,MA,2445,2/16/84,F,Married,Non-Citizen,White,8/15/11,4/7/12,relocation out of area,Voluntarily Terminated,Production       ,Michael Albert,Glassdoor,Fully Meets,3.03,1,50.50503205
"Fernandes, Nilson  ",1302053339,18,Production Technician I,MA,2132,10/18/89,M ,Married,US Citizen,White,5/11/15,,N/A - still employed,Active,Production       ,Amy Dunn,Professional Society,PIP,1.56,0,50.4862273
"Peterson, Ebonee  ",1402065355,38.5,Production Manager,MA,2030,5/9/77,F,Married,US Citizen,White,10/25/10,5/18/16,Another position,Voluntarily Terminated,Production       ,Janet King,Internet Search,Fully Meets,4.16,0,50.23366563
"Dougall, Eric",1101023754,64,IT Manager - Support,MA,1886,7/9/70,M ,Single,US Citizen,White,1/5/14,,N/A - still employed,Active,IT/IS,Jennifer Zamora,Professional Society,Exceeds,1.99,0,50.20423651
"Gold, Shenice  ",1408069539,17,Production Technician I,MA,2451,6/18/92,F,Single,US Citizen,White,11/11/13,,N/A - still employed,Active,Production       ,Ketsia Liebig,Glassdoor,Fully Meets,1.94,0,50.1250385
"Trang, Mei",1012023152,22,Production Technician I,MA,2021,5/16/83,F,Single,US Citizen,White,2/17/14,,N/A - still employed,Active,Production       ,David Stanley,Professional Society,Needs Improvement,2.44,0,50.09410261
"Kinsella, Kathleen  ",710007401,22,Production Technician I,MA,2170,12/8/73,F,Married,US Citizen,White,9/26/11,6/4/15,more money,Voluntarily Terminated,Production       ,Webster Butler,Search Engine - Google Bing Yahoo,Fully Meets,3.6,0,50.0430408
"Sewkumar, Nori",807010161,15.2,Production Technician I,MA,2191,3/10/75,F,Single,US Citizen,Asian,9/30/13,,N/A - still employed,Leave of Absence,Production       ,Webster Butler,Search Engine - Google Bing Yahoo,Fully Meets,5,0,50.04135299
"Robertson, Peter",1499902991,22,Production Technician II,MA,2138,7/3/72,M ,Married,US Citizen,White,7/5/11,2/8/12,Another position,Voluntarily Terminated,Production       ,Kissy Sullivan,Glassdoor,Fully Meets,2.48,0,50.03166765
"Adinolfi, Wilson  K",1409070522,20,Production Technician I,MA,1960,7/10/83,M ,Single,US Citizen,White,7/5/11,,N/A - still employed,Active,Production       ,Michael Albert,MBTA ads,Exceeds,2.51,0,49.87906278
"Khemmich, Bartholemew",1104025008,55,Area Sales Manager,CO,80820,11/27/79,M ,Single,US Citizen,White,8/19/13,,N/A - still employed,Active,Sales,Lynn Daneault,Pay Per Click - Google,Fully Meets,2.19,0,49.86415048
"Horton, Jayne",1105025718,34,Database Administrator,MA,2493,2/21/84,F,Single,US Citizen,White,3/30/15,,N/A - still employed,Active,IT/IS,Simon Roup,Glassdoor,Fully Meets,4.48,0,49.84159816
"Newman, Richard ",1302053044,21,Production Technician I,MA,2136,4/8/77,M ,Married,US Citizen,White,5/12/14,,N/A - still employed,Leave of Absence,Production       ,Ketsia Liebig,On-campus Recruiting,Fully Meets,5,0,49.76943802
"Jacobi, Hannah  ",1503072857,21,Production Technician I,MA,1778,3/22/66,F,Divorced,US Citizen,White,9/30/13,,N/A - still employed,Active,Production       ,Kissy Sullivan,Employee Referral,Fully Meets,2.05,0,49.76855577
"Burkett, Benjamin ",1301052449,26,Production Technician II,MA,1890,8/19/77,M ,Married,US Citizen,White,4/4/11,,N/A - still employed,Active,Production       ,Ketsia Liebig,Careerbuilder,Fully Meets,3.25,0,49.67066874
"Spirea, Kelley",1102024149,52,Production Manager,MA,2451,9/30/75,F,Married,US Citizen,White,10/2/12,,N/A - still employed,Active,Production       ,Janet King,Vendor Referral,Fully Meets,4.83,1,49.664882
"Roup,Simon",1106026933,62,IT Manager - DB,MA,2481,4/5/73,M ,Single,US Citizen,White,1/20/13,,N/A - still employed,Active,IT/IS,Jennifer Zamora,Professional Society,Fully Meets,2.96,1,49.62783541
"Le, Binh",1009919930,50.25,Senior BI Developer,MA,1886,6/14/87,F,Single,US Citizen,Asian,10/2/16,,N/A - still employed,Active,IT/IS,Brian Champaigne,Indeed,Fully Meets,2.09,1,49.60721262
"Givens, Myriam",1203032099,55,Area Sales Manager,IN,46204,9/22/89,F,Single,US Citizen,White,2/16/15,,N/A - still employed,Active,Sales,Lynn Daneault,Pay Per Click - Google,Fully Meets,1.72,0,49.51915704
"Engdahl, Jean",1007020403,21.25,Production Technician I,MA,2026,5/31/74,M ,Single,US Citizen,White,11/10/14,,N/A - still employed,Active,Production       ,Kelley Spirea,MBTA ads,Fully Meets,1.86,0,49.5182437
"Langton, Enrico",1304055987,17,Production Technician I,MA,2048,12/9/86,M ,Married,US Citizen,White,7/9/12,,N/A - still employed,Active,Production       ,David Stanley,Newspager/Magazine,Fully Meets,5,0,49.45620453
"Ozark, Travis",812011761,55,Area Sales Manager,NC,27229,5/19/82,M ,Single,US Citizen,White,1/5/15,,N/A - still employed,Active,Sales,John Smith,Website Banner Ads,Fully Meets,5,0,49.44772786
"Cockel, James",1599991009,15,Production Technician I,MA,2452,9/8/77,M ,Single,US Citizen,White,7/8/13,,N/A - still employed,Active,Production       ,David Stanley,Employee Referral,Fully Meets,1.51,0,49.41684803
"Alagbe,Trina",1011022883,21,Production Technician I,MA,1886,9/27/88,F,Married,US Citizen,White,1/7/08,,N/A - still employed,Active,Production       ,Elijiah Gray,Billboard,Fully Meets,4.84,0,49.41152351
"Crimmings,   Jean",1311063172,19.75,Production Technician I,MA,1821,4/10/87,F,Single,US Citizen,White,7/6/16,,N/A - Has not started yet,Future Start,Production       ,Michael Albert,Newspager/Magazine,Fully Meets,4.12,0,49.358391
"Exantus, Susan",1401064670,48.5,Software Engineer,MA,1749,5/15/87,F,Married,US Citizen,Black or African American,5/2/11,6/5/13,attendance,Terminated for Cause,Software Engineering,Alex Sweetwater,Billboard,Needs Improvement,2.55,1,49.26884532
"Hunts, Julissa",1106026433,25,Production Technician II,MA,2021,3/11/84,F,Single,US Citizen,White,6/6/16,,N/A - Has not started yet,Future Start,Production       ,Elijiah Gray,Vendor Referral,Fully Meets,2.92,0,49.22377005
"Beatrice, Courtney ",1403066194,22,Production Technician I,MA,1915,10/27/70,F,Single,Eligible NonCitizen,White,4/4/11,,N/A - still employed,Active,Production       ,Elijiah Gray,Search Engine - Google Bing Yahoo,Fully Meets,5,0,49.20430448
"Bunbury, Jessica",1504073368,55,Area Sales Manager,VA,21851,6/1/64,F,Married,Eligible NonCitizen,Black or African American,8/15/11,8/2/14,Another position,Voluntarily Terminated,Sales,John Smith,Social Networks - Facebook Twitter etc,Fully Meets,3.14,0,49.18378188
"Moumanil, Maliki ",1301052436,29,Production Technician II,MA,1460,12/1/74,M ,Separated,US Citizen,Black or African American,5/13/13,,N/A - still employed,Active,Production       ,Michael Albert,On-campus Recruiting,Fully Meets,4.29,0,49.18365839
"Whittier, Scott",1307060212,23,Production Technician I,MA,2030,5/24/87,M ,Single,US Citizen,White,1/10/11,5/15/11,hours,Voluntarily Terminated,Production       ,Webster Butler,Newspager/Magazine,Fully Meets,5,0,49.18051454
"Nguyen, Dheepa",1111030684,55,Area Sales Manager,GA,30428,3/31/89,F,Single,US Citizen,Two or more races,7/8/13,,N/A - still employed,Active,Sales,Lynn Daneault,Pay Per Click - Google,Fully Meets,5,0,49.03886809
"Guilianno, Mike",1001167253,55,Area Sales Manager,TN,37129,2/9/69,M ,Single,US Citizen,Two or more races,3/7/11,10/31/14,relocation out of area,Voluntarily Terminated,Sales,John Smith,Newspager/Magazine,Fully Meets,4.5,0,48.98631871
"Patronick, Luke",1112030979,52.25,Software Engineer,MA,1844,2/20/79,M ,Single,US Citizen,Asian,11/7/11,9/7/15,Another position,Voluntarily Terminated,Software Engineering,Alex Sweetwater,Diversity Job Fair,Exceeds,1.1,1,48.97503389
"Martins, Joseph",1209048771,56,Area Sales Manager,TX,78207,6/11/70,M ,Single,Eligible NonCitizen,Black or African American,5/14/12,,N/A - still employed,Active,Sales,Lynn Daneault,Employee Referral,Fully Meets,2.94,0,48.86055249
"Cloninger, Jennifer",1012023226,25,Production Technician II,MA,1752,8/31/81,F,Married,US Citizen,White,5/16/11,1/7/13,unhappy,Voluntarily Terminated,Production       ,Brannon Miller,Word of Mouth,Fully Meets,1.16,0,48.7972229
"Tippett, Jeanette",1409070255,24,Production Technician I,MA,2093,6/5/67,F,Divorced,US Citizen,Black or African American,2/18/13,,N/A - still employed,Active,Production       ,Brannon Miller,Billboard,Fully Meets,4.21,0,48.76714436
"Kampew, Donysha",1109029264,60.25,Sales Manager,PA,19444,11/11/89,F,Single,US Citizen,White,11/7/11,4/24/14,maternity leave - did not return,Voluntarily Terminated,Sales,Debra Houlihan,Social Networks - Facebook Twitter etc,Fully Meets,1.9,0,48.7201699
"McCarthy, Brigit",1406067957,26,Production Technician II,MA,2149,5/21/87,F,Single,US Citizen,White,3/30/15,,N/A - still employed,Active,Production       ,Ketsia Liebig,Newspager/Magazine,Fully Meets,5,0,48.6531079
"Potts, Xana",1102024106,55,Area Sales Manager,KY,40220,8/29/88,F,Married,US Citizen,Black or African American,1/9/12,,N/A - still employed,Active,Sales,Lynn Daneault,Website Banner Ads,Fully Meets,4.2,0,48.31182233
"Bondwell, Betsy",1008021030,26,Production Technician II,MA,2210,1/16/67,F,Single,US Citizen,White,1/10/11,4/4/14,career change,Voluntarily Terminated,Production       ,Elijiah Gray,Search Engine - Google Bing Yahoo,Fully Meets,1.38,0,48.19172306
"Goyal, Roxana",1312063675,24,Production Technician I,MA,1864,10/9/74,F,Married,US Citizen,Asian,8/19/13,,N/A - still employed,Leave of Absence,Production       ,Kissy Sullivan,On-campus Recruiting,Fully Meets,1.71,0,48.12604127
"Tavares, Desiree  ",1405067501,15,Production Technician I,MA,1801,4/3/75,F,Married,Non-Citizen,Two or more races,4/27/09,4/1/13,Another position,Voluntarily Terminated,Production       ,Webster Butler,Diversity Job Fair,Fully Meets,2.52,0,48.02010843
"Roby, Lori ",1407068885,39.55,Data Analyst,MA,1886,10/11/81,F,Married,US Citizen,White,2/16/15,,N/A - still employed,Active,IT/IS,Simon Roup,Employee Referral,Fully Meets,3.69,1,47.97319769
"Anderson, Linda  ",1304055947,23,Production Technician I,MA,1844,5/22/77,F,Single,US Citizen,White,1/9/12,,N/A - still employed,Active,Production       ,Amy Dunn,MBTA ads,Exceeds,5,0,47.90506483
"Hubert, Robert",1009920000,45,BI Developer,MA,2134,6/30/89,M ,Married,US Citizen,Black or African American,4/20/17,,N/A - still employed,Active,IT/IS,Brian Champaigne,Indeed,Fully Meets,2.06,1,47.69499351
"Cornett, Lisa ",1403066069,15.75,Production Technician I,MA,2189,3/31/77,F,Married,US Citizen,White,1/5/15,,N/A - still employed,Active,Production       ,Kelley Spirea,Billboard,Fully Meets,4.73,0,47.60448337
"Gross, Paula",1103024859,14,Production Technician I,MA,2176,5/21/83,F,Divorced,US Citizen,White,2/21/11,1/11/14,more money,Voluntarily Terminated,Production       ,Kelley Spirea,Monster.com,Fully Meets,5,0,47.58153314
"Bugali, Josephine ",1408069635,20,Production Technician I,MA,2043,10/30/69,F,Separated,US Citizen,Black or African American,11/11/13,,N/A - still employed,Leave of Absence,Production       ,Kissy Sullivan,Diversity Job Fair,Fully Meets,2.83,0,47.57891967
"Szabo, Andrew",1201031324,48,Software Engineer,MA,2140,5/6/83,M ,Single,US Citizen,White,7/7/14,,N/A - still employed,Active,Software Engineering,Alex Sweetwater,MBTA ads,Exceeds,2.61,2,47.55106002
"Cisco, Anthony",1102024173,42,IT Support,MA,2135,11/24/89,M ,Married,US Citizen,White,3/30/15,,N/A - still employed,Active,IT/IS,Peter Monroe,Information Session,Fully Meets,2.21,1,47.49922662
"Rivera, Haley  ",1405067642,22,Production Technician I,MA,2171,1/12/73,F,Married,US Citizen,Asian,11/28/11,,N/A - still employed,Active,Production       ,Webster Butler,Search Engine - Google Bing Yahoo,Exceeds,4.36,0,47.47767274
"Favis, Donald  ",1412071562,58.2,Enterprise Architect,CT,6033,7/30/64,M ,Single,US Citizen,Black or African American,2/17/14,2/19/16,hours,Terminated for Cause,IT/IS,Simon Roup,Vendor Referral,Fully Meets,2.94,1,47.34543662
"Veera, Abdellah ",1203032235,19,Production Technician I,MA,2171,1/31/87,M ,Divorced,US Citizen,White,8/13/12,2/5/16,maternity leave - did not return,Voluntarily Terminated,Production       ,Kissy Sullivan,Information Session,Exceeds,3.84,0,47.20400118
"Nowlan, Kristie",1104025435,26.39,Production Technician II,MA,1040,11/23/85,F,Single,US Citizen,White,11/10/14,,N/A - still employed,Active,Production       ,Elijiah Gray,Glassdoor,Fully Meets,4.53,0,47.01649526
"Pelech, Emil",1307060058,24,Production Technician I,MA,2458,3/17/88,M ,Single,US Citizen,Black or African American,1/10/11,12/28/12,career change,Voluntarily Terminated,Production       ,Webster Butler,Search Engine - Google Bing Yahoo,Needs Improvement,3.54,0,46.64633293
"Buck, Edward",1504073313,55,Area Sales Manager,MA,2330,7/7/75,M ,Married,US Citizen,White,9/29/14,,N/A - still employed,Active,Sales,Lynn Daneault,Employee Referral,Fully Meets,3.31,0,46.56179268
"Foss, Jason",1192991000,65,IT Director,MA,1460,7/5/80,M ,Single,US Citizen,Black or African American,4/15/11,,N/A - still employed,Active,IT/IS,Jennifer Zamora,Professional Society,Exceeds,3.76,1,46.38985808
"Johnson, George",1105025721,17,Production Technician I,MA,2445,8/19/59,M ,Married,US Citizen,White,11/7/11,4/29/16,more money,Voluntarily Terminated,Production       ,Michael Albert,Monster.com,Exceeds,1.65,0,46.06679135
"Chang, Donovan  E",1111030129,22,Production Technician I,MA,1845,8/24/83,M ,Single,US Citizen,White,7/8/13,,N/A - still employed,Active,Production       ,Webster Butler,Newspager/Magazine,Fully Meets,3.8,0,45.4593954
"Perry, Shakira",1109029186,22,Production Technician I,MA,2176,7/20/86,F,Single,US Citizen,White,5/16/11,10/25/15,medical issues,Voluntarily Terminated,Production       ,Amy Dunn,MBTA ads,Fully Meets,3.45,0,45.19396417
"Kirill, Alexandra  ",903013071,24,Production Technician I,MA,2127,10/8/70,F,Married,US Citizen,White,9/26/11,1/9/12,more money,Voluntarily Terminated,Production       ,Amy Dunn,Search Engine - Google Bing Yahoo,Fully Meets,3.49,0,44.6022472
"Mahoney, Lauren  ",1209049259,17,Production Technician I,MA,2189,7/7/86,F,Single,US Citizen,White,1/6/14,,N/A - still employed,Active,Production       ,Ketsia Liebig,Newspager/Magazine,Fully Meets,2.55,0,44.11117182
"Medeiros, Jennifer",1109029256,20,Production Technician I,MA,2346,9/22/76,F,Single,US Citizen,White,3/30/15,,N/A - still employed,Active,Production       ,Michael Albert,Monster.com,Fully Meets,5,0,43.02018057
"Becker, Renee",1102024056,43,Database Administrator,MA,2026,4/4/86,F,Single,US Citizen,White,7/7/14,9/12/15,performance,Terminated for Cause,IT/IS,Simon Roup,Search Engine - Google Bing Yahoo,Fully Meets,1.87,1,42.93775986
"Shields, Seffi",1205033102,15,Production Technician I,MA,2149,8/24/85,F,Married,US Citizen,White,8/19/13,,N/A - still employed,Active,Production       ,Amy Dunn,Newspager/Magazine,Fully Meets,4.81,0,42.85141524
"Lynch, Lindsay",1001138521,19,Production Technician I,MA,1844,2/14/73,F,Single,US Citizen,Two or more races,11/7/11,11/14/15,Another position,Voluntarily Terminated,Production       ,Webster Butler,Diversity Job Fair,Exceeds,5,0,42.84553314
"Dunn, Amy  ",1409070147,51,Production Manager,MA,1731,11/28/73,F,Single,US Citizen,White,9/18/14,,N/A - still employed,Active,Production       ,Janet King,Search Engine - Google Bing Yahoo,Fully Meets,4.52,0,42.6158911
"Houlihan, Debra",1009021646,60,Director of Sales,RI,2908,3/17/66,F,Married,US Citizen,White,5/5/14,,N/A - still employed,Active,Sales,Janet King,MBTA ads,Fully Meets,1.22,0,42.55967062
"Gill, Whitney  ",1302053046,55,Area Sales Manager,OH,43050,7/10/71,F,Widowed,US Citizen,Black or African American,7/7/14,9/5/15,attendance,Terminated for Cause,Sales,John Smith,Monster.com,Fully Meets,3.97,0,42.45380905
"Quinn, Sean",1206043417,55,Shared Services Manager,MA,2045,11/6/84,M ,Married,Eligible NonCitizen,Black or African American,2/21/11,8/15/15,career change,Voluntarily Terminated,Admin Offices,Janet King,Diversity Job Fair,Fully Meets,4.15,0,42.42127409
"Hogland, Jonathan ",1001944783,48.5,Production Manager,MA,1890,7/1/72,M ,Married,US Citizen,White,1/10/11,12/12/15,attendance,Terminated for Cause,Production       ,Janet King,Employee Referral,Fully Meets,4.78,0,42.38702858
"Panjwani, Nina",1109029531,18,Production Technician I,MA,2351,5/1/79,F,Married,US Citizen,White,2/7/11,1/12/14,Another position,Voluntarily Terminated,Production       ,Elijiah Gray,Social Networks - Facebook Twitter etc,Fully Meets,3.89,0,42.32830662
"Harrington, Christie ",1110029602,19.75,Production Technician I,MA,2324,8/18/52,F,Single,US Citizen,White,1/9/12,12/15/15,retiring,Voluntarily Terminated,Production       ,Webster Butler,Monster.com,Fully Meets,4.64,0,42.30976522
"Baczenski, Rachael  ",1307060083,17,Production Technician I,MA,1902,1/12/74,F,Married,US Citizen,Hispanic,1/10/11,1/12/11,Another position,Voluntarily Terminated,Production       ,David Stanley,Diversity Job Fair,Fully Meets,1.79,0,42.23700914
"Close, Phil",1209048697,26,Production Technician II,MA,2169,11/25/78,M ,Married,US Citizen,White,8/30/10,9/26/11,career change,Voluntarily Terminated,Production       ,David Stanley,Other,Fully Meets,1.3,0,42.22816646
"Sullivan, Kissy ",1405067298,55,Production Manager,MA,1776,3/28/78,F,Married,US Citizen,Black or African American,1/8/09,,N/A - still employed,Active,Production       ,Janet King,Billboard,Fully Meets,3.73,0,42.0283222
"Thibaud, Kenneth",1011022777,23,Production Technician II,MA,2472,9/16/75,M ,Widowed,US Citizen,White,6/25/07,8/30/10,military,Voluntarily Terminated,Production       ,Webster Butler,Pay Per Click - Google,Fully Meets,1.37,0,41.77150287
"Williams, Jacquelyn  ",1308060671,16,Production Technician I,MA,2109,10/2/69,F,Single,US Citizen,Two or more races,1/9/12,6/27/15,relocation out of area,Voluntarily Terminated,Production       ,Ketsia Liebig,Diversity Job Fair,Fully Meets,1.44,0,41.74394713
"Wang, Charlie",1009919970,51,Senior BI Developer,MA,1887,7/8/81,M ,Single,US Citizen,Asian,2/15/17,,N/A - still employed,Active,IT/IS,Brian Champaigne,Indeed,Fully Meets,3.42,1,41.68760151
"Squatrito, Kristen",1405067138,21,Production Technician I,MA,2359,3/26/73,F,Divorced,US Citizen,White,5/13/13,6/29/15,unhappy,Voluntarily Terminated,Production       ,David Stanley,MBTA ads,Exceeds,1.97,0,41.56633478
"Harrison, Kara",1404066622,20,Production Technician I,MA,1886,5/2/74,F,Married,US Citizen,White,5/12/14,,N/A - still employed,Active,Production       ,Amy Dunn,Monster.com,Exceeds,4.76,0,41.43210719
"Rose, Ashley  ",710007555,17,Production Technician I,MA,1886,12/5/74,F,Separated,US Citizen,White,1/6/14,,N/A - still employed,Active,Production       ,David Stanley,Website Banner Ads,Fully Meets,5,0,40.94211514
"Stanford,Barbara  M",1111030244,14,Production Technician I,MA,2050,8/25/82,F,Divorced,US Citizen,Two or more races,1/10/11,,N/A - still employed,Active,Production       ,Kissy Sullivan,Word of Mouth,Fully Meets,1.05,0,40.93846658
"Athwal, Sam",1301052124,22,Production Technician I,MA,2199,2/18/83,M ,Widowed,US Citizen,White,9/30/13,,N/A - still employed,Active,Production       ,Ketsia Liebig,Employee Referral,Fully Meets,5,0,40.90808235
"Jung, Judy  ",1107027450,21,Production Technician I,MA,2446,4/17/86,F,Married,US Citizen,White,1/10/11,4/1/16,unhappy,Voluntarily Terminated,Production       ,Elijiah Gray,Monster.com,Fully Meets,4,0,40.87414729
"Davis, Daniel",1201031274,25,Production Technician II,MA,2458,9/14/79,M ,Single,Eligible NonCitizen,Two or more races,11/7/11,,N/A - still employed,Active,Production       ,Kissy Sullivan,Newspager/Magazine,Fully Meets,3.96,0,40.87350852
"Chivukula, Enola",1101023394,21,Production Technician I,MA,1775,8/27/83,F,Single,US Citizen,White,6/27/11,11/15/15,relocation out of area,Voluntarily Terminated,Production       ,Amy Dunn,Other,Fully Meets,2,0,40.85024614
"Garneau, Hamish",1104025414,18,Production Technician I,MA,1550,4/18/80,M ,Single,US Citizen,Asian,7/8/13,,N/A - still employed,Active,Production       ,Kissy Sullivan,Professional Society,Fully Meets,2.61,0,40.80440138
"Boutwell, Bonalyn",1307060188,34.95,Sr. Accountant,MA,2468,4/4/87,F,Married,US Citizen,Asian,2/16/15,,N/A - still employed,Active,Admin Offices,Brandon R. LeBlanc,Diversity Job Fair,Fully Meets,5,3,40.79691859
"Galia, Lisa",1501072093,31.4,IT Support,CT,6040,7/6/68,F,Single,US Citizen,White,5/1/10,,N/A - still employed,Active,IT/IS,Eric Dougall,Vendor Referral,Fully Meets,1.21,1,40.75212386
"Woodson, Jason",1012023010,24.25,Production Technician II,MA,1810,5/11/85,M ,Single,US Citizen,White,7/7/14,,N/A - still employed,Active,Production       ,Kissy Sullivan,Vendor Referral,Fully Meets,4.07,0,40.72703578
"Fancett, Nicole",1402065085,24,Production Technician II,MA,2324,9/27/87,F,Single,US Citizen,Black or African American,2/17/14,,N/A - still employed,Active,Production       ,Webster Butler,Newspager/Magazine,Fully Meets,4,0,40.68611474
"Murray, Thomas",1406068403,35.5,Data Analyst,TX,78230,7/4/88,M ,Divorced,US Citizen,Black or African American,11/10/14,,N/A - still employed,Active,IT/IS,Simon Roup,Diversity Job Fair,Exceeds,4.28,1,40.68081233
"LaRotonda, William  ",1106026572,23,Accountant I,MA,1460,4/26/84,M ,Divorced,US Citizen,Black or African American,1/6/14,,N/A - still employed,Active,Admin Offices,Brandon R. LeBlanc,Website Banner Ads,Fully Meets,5,1,40.6223087
"DiNocco, Lily ",1209048696,22,Production Technician I,MA,2351,12/2/78,F,Married,US Citizen,Black or African American,1/7/13,,N/A - still employed,Active,Production       ,Brannon Miller,Pay Per Click - Google,Needs Improvement,3.88,0,40.59582229
"McKinzie, Jac",1209049326,55,Area Sales Manager,TX,78789,7/1/84,M ,Married,US Citizen,Two or more races,7/6/16,,N/A - Has not started yet,Future Start,Sales,Lynn Daneault,Website Banner Ads,Fully Meets,2.91,0,40.51328719
"Dickinson, Geoff ",706006285,21,Production Technician I,MA,2180,11/15/82,M ,Single,US Citizen,White,5/12/14,,N/A - still employed,Active,Production       ,Ketsia Liebig,Pay Per Click - Google,Fully Meets,1.13,0,40.39069104
"Rhoads, Thomas",1211050793,20,Production Technician I,MA,2176,7/22/82,M ,Divorced,US Citizen,White,5/16/11,1/15/16,retiring,Voluntarily Terminated,Production       ,Elijiah Gray,Professional Society,Fully Meets,5,0,40.38426833
"Ruiz, Ricardo",1001175250,21,IT Manager - DB,MA,1915,1/4/64,M ,Divorced,US Citizen,Two or more races,1/9/12,11/4/15,hours,Voluntarily Terminated,IT/IS,Jennifer Zamora,Diversity Job Fair,Fully Meets,2.51,6,40.36957221
"Pearson, Randall",1102023965,41,Data Analyst,MA,2747,9/5/84,M ,Married,US Citizen,White,12/1/14,5/1/16,performance,Voluntarily Terminated,IT/IS,Simon Roup,Employee Referral,Fully Meets,1.62,5,40.32469018
"Power, Morissa",1102024274,19,Production Technician I,MA,1742,10/15/84,F,Divorced,Eligible NonCitizen,Asian,5/16/11,6/4/11,Another position,Voluntarily Terminated,Production       ,Kissy Sullivan,Social Networks - Facebook Twitter etc,Fully Meets,3.17,0,40.31800411
"Smith, John",1499902910,56,Sales Manager,MA,1886,8/16/84,M ,Divorced,US Citizen,Black or African American,5/18/14,,N/A - still employed,Active,Sales,Debra Houlihan,Diversity Job Fair,Needs Improvement,1.62,0,40.27115258
"Brill, Donna",1406068293,20,Production Technician I,MA,1701,8/24/90,F,Married,US Citizen,White,4/2/12,6/15/13,Another position,Voluntarily Terminated,Production       ,David Stanley,Search Engine - Google Bing Yahoo,Fully Meets,3.35,0,40.24818317
"Gaul, Barbara",1105026041,24,Production Technician I,MA,2121,12/2/83,F,Single,US Citizen,Black or African American,5/16/11,,N/A - still employed,Active,Production       ,Kelley Spirea,MBTA ads,Fully Meets,1.66,0,40.11751227
"Semizoglou, Jeremiah  ",904013591,53.8,Sr. Network Engineer,MA,1545,2/9/83,M ,Married,US Citizen,Asian,6/30/16,,N/A - Has not started yet,Future Start,IT/IS,Peter Monroe,On-campus Recruiting,Fully Meets,3.27,5,40.05091483
"Daneault, Lynn",1402065303,54,Sales Manager,VT,5473,4/19/90,F,Single,US Citizen,White,5/5/14,,N/A - still employed,Active,Sales,Debra Houlihan,Pay Per Click - Google,Fully Meets,4.62,0,40.02312614
"Jeannite, Tayana",1008020942,22.5,Production Technician II,MA,1821,11/6/86,F,Divorced,US Citizen,American Indian or Alaska Native,7/5/11,,N/A - still employed,Active,Production       ,Ketsia Liebig,MBTA ads,Exceeds,4.6,0,40.01665825
"Theamstern, Sophia",1404066739,20,Production Technician I,MA,2066,5/9/65,F,Single,US Citizen,White,7/5/11,9/5/11,return to school,Voluntarily Terminated,Production       ,Amy Dunn,Billboard,Fully Meets,3.98,0,39.94787041
"Maurice, Shana",1401064327,20,Production Technician I,MA,2330,11/22/77,F,Married,US Citizen,White,5/31/11,,N/A - still employed,Active,Production       ,David Stanley,Other,Fully Meets,5,0,39.94622667
"Heitzman, Anthony",1002017900,19,Production Technician I,MA,2149,1/4/84,M ,Single,US Citizen,White,8/13/12,,N/A - still employed,Active,Production       ,Ketsia Liebig,Social Networks - Facebook Twitter etc,Fully Meets,4.17,0,39.94535954
"DeGweck,  James",1306058816,23.5,Production Technician I,MA,1810,10/31/77,M ,Married,US Citizen,White,5/16/11,6/8/15,unhappy,Voluntarily Terminated,Production       ,Webster Butler,Billboard,Fully Meets,5,0,39.89159874
"Lindsay, Leonara ",602000312,26,IT Support,CT,6070,10/5/88,F,Single,US Citizen,Two or more races,1/21/11,,N/A - still employed,Active,IT/IS,Eric Dougall,Diversity Job Fair,Exceeds,4.64,5,39.87187033
"Burke, Joelle",1011022820,25,Production Technician II,MA,2148,3/2/80,F,Single,US Citizen,Black or African American,3/5/12,,N/A - still employed,Active,Production       ,Amy Dunn,Employee Referral,Fully Meets,4.51,0,39.78637982
"Turpin, Jumil",1411071506,49.1,Network Engineer,MA,2343,3/31/69,M ,Married,Eligible NonCitizen,White,3/30/15,,N/A - still employed,Active,IT/IS,Peter Monroe,Employee Referral,Fully Meets,5,1,39.77536014
"Barone, Francesco  A",1101023679,16.76,Production Technician I,MA,1810,7/20/83,M ,Single,US Citizen,Two or more races,2/20/12,,N/A - still employed,Active,Production       ,Kelley Spirea,Social Networks - Facebook Twitter etc,Fully Meets,1.41,0,39.76958787
"LeBel, Jonathan  R",1107027575,15,Production Technician I,MA,2050,10/18/81,M ,Single,US Citizen,White,2/21/11,8/4/11,attendance,Terminated for Cause,Production       ,Kelley Spirea,Social Networks - Facebook Twitter etc,Fully Meets,5,0,39.72384127
"Strong, Caitrin",1411071295,54,Area Sales Manager,MT,59102,5/12/89,F,Married,US Citizen,Black or African American,9/27/10,,N/A - still employed,Active,Sales,John Smith,Professional Society,Fully Meets,2,0,39.52888905
"MacLennan, Samuel",1201031032,15,Production Technician I,MA,1938,11/9/72,M ,Widowed,US Citizen,White,9/24/12,9/26/12,hours,Voluntarily Terminated,Production       ,Amy Dunn,Pay Per Click,Fully Meets,3.08,0,39.50159735
"Gilles, Alex",1008020960,15,Production Technician I,MA,2062,8/9/74,M ,Married,US Citizen,Black or African American,4/2/12,6/25/15,military,Voluntarily Terminated,Production       ,Webster Butler,Diversity Job Fair,Needs Improvement,3.97,0,39.50133857
"Saar-Beckles, Melinda",1410070998,20,Production Technician I,MA,1801,6/6/68,F,Single,US Citizen,Black or African American,7/4/16,,N/A - Has not started yet,Future Start,Production       ,Kelley Spirea,Diversity Job Fair,Needs Improvement,1.12,0,55.4949494
"Villanueva, Noah",1111030503,56,Area Sales Manager,ME,4063,7/11/89,M ,Single,US Citizen,Asian,3/5/12,,N/A - still employed,Active,Sales,John Smith,Website Banner Ads,Fully Meets,1.77,0,39.15907976
"Lundy, Susan",1305056276,24,Production Technician II,MA,2122,12/26/76,F,Widowed,US Citizen,White,7/8/13,9/15/13,more money,Voluntarily Terminated,Production       ,Michael Albert,On-campus Recruiting,Fully Meets,4.65,0,39.12091051
"LeBlanc, Brandon  R",1102024115,55,Shared Services Manager,MA,1460,6/10/84,M ,Married,US Citizen,White,1/5/16,,N/A - still employed,Active,Admin Offices,Janet King,Monster.com,Fully Meets,1.95,0,39.10574261
"Chan, Lin",1305057282,19.5,Production Technician I,MA,2170,2/12/79,F,Single,US Citizen,White,5/12/14,,N/A - still employed,Active,Production       ,Elijiah Gray,Internet Search,Fully Meets,2.73,0,39.03956267
"Linares, Marilyn ",1206042315,15.25,Production Technician I,MA,1886,3/26/81,F,Married,US Citizen,White,7/5/11,9/26/11,unhappy,Voluntarily Terminated,Production       ,Michael Albert,Internet Search,Fully Meets,3.18,0,39.00789619
"Goble, Taisha",905013738,48.5,Database Administrator,MA,2127,10/23/71,F,Single,US Citizen,White,2/16/15,3/15/15,"no-call, no-show",Terminated for Cause,IT/IS,Simon Roup,Glassdoor,Fully Meets,1.87,4,38.92796582
"Estremera, Miguel",1104025243,17,Production Technician I,MA,2129,9/2/83,M ,Single,US Citizen,White,4/2/12,9/27/14,attendance,Terminated for Cause,Production       ,Michael Albert,Word of Mouth,Needs Improvement,5,0,38.71515562
"Moran, Patrick",1408069503,26,Production Technician II,MA,2127,12/3/76,M ,Single,US Citizen,Hispanic,1/9/12,,N/A - still employed,Leave of Absence,Production       ,Kelley Spirea,Diversity Job Fair,Fully Meets,2.5,0,38.59561361
"Ferreira, Violeta",803009012,23,Production Technician I,MA,2176,6/10/86,F,Single,US Citizen,White,2/20/12,,N/A - still employed,Active,Production       ,Ketsia Liebig,Newspager/Magazine,Fully Meets,1.85,0,38.53789669
"Gonzalez, Maria",1988299991,39,IT Support,MA,2472,4/16/81,F,Separated,US Citizen,White,1/5/15,,N/A - still employed,Active,IT/IS,Peter Monroe,Employee Referral,Fully Meets,4.61,5,38.43833267
"Gerke, Melisa",1308060622,22,Production Technician I,MA,2330,5/15/70,F,Divorced,US Citizen,White,11/7/11,11/15/11,hours,Voluntarily Terminated,Production       ,Elijiah Gray,Diversity Job Fair,Fully Meets,4.24,0,38.43388043
"Rachael, Maggie",1009919940,45,BI Developer,MA,2110,5/12/80,F,Married,US Citizen,Black or African American,10/2/16,,N/A - still employed,Active,IT/IS,Brian Champaigne,Indeed,Fully Meets,2.02,6,38.42719886
"Motlagh,  Dawn",1102024121,15,Production Technician I,MA,2453,7/7/84,F,Divorced,US Citizen,White,4/1/13,,N/A - still employed,Active,Production       ,Elijiah Gray,MBTA ads,Fully Meets,1.76,0,38.06502658
"Handschiegl, Joanne",1405067064,24,Production Technician I,MA,2127,3/23/77,F,Married,US Citizen,White,11/28/11,,N/A - still employed,Active,Production       ,Michael Albert,Word of Mouth,Fully Meets,4.2,0,37.85192369
"Lunquist, Lisa",1001504432,26.1,Production Technician II,MA,2324,3/28/82,F,Single,US Citizen,Black or African American,8/19/13,,N/A - still employed,Active,Production       ,Elijiah Gray,Glassdoor,Exceeds,1.64,0,37.84390243
"Roberson, May",1402065340,26,Production Technician II,MA,1902,9/5/81,F,Divorced,Eligible NonCitizen,White,9/26/11,10/22/11,return to school,Voluntarily Terminated,Production       ,David Stanley,Search Engine - Google Bing Yahoo,Fully Meets,2.19,0,37.76555354
"Wolk, Hang  T",1205033180,22,Production Technician II,MA,2302,4/20/85,F,Single,US Citizen,White,9/29/14,,N/A - still employed,Active,Production       ,David Stanley,Newspager/Magazine,Fully Meets,3.4,0,37.4293493
"Warfield, Sarah",1301052347,55.2,Sr. Network Engineer,MA,2453,5/2/78,F,Widowed,US Citizen,Asian,3/30/15,,N/A - still employed,Active,IT/IS,Peter Monroe,Employee Referral,Fully Meets,1.06,8,37.40231504
"Keatts, Kramer ",1301052462,19,Production Technician I,MA,1887,1/19/76,M ,Single,US Citizen,White,9/30/13,,N/A - still employed,Active,Production       ,Michael Albert,Billboard,Fully Meets,3.07,0,37.17799836
"Chace, Beatrice ",1208048062,16,Production Technician I,MA,2763,1/2/51,F,Single,US Citizen,White,9/29/14,,N/A - still employed,Active,Production       ,Michael Albert,Search Engine - Google Bing Yahoo,Fully Meets,5,0,37.09295394
"Sloan, Constance",1012023103,23,Production Technician II,MA,1851,11/25/87,F,Single,US Citizen,White,10/26/09,4/8/15,maternity leave - did not return,Voluntarily Terminated,Production       ,Michael Albert,Monster.com,Fully Meets,4.68,0,36.92888935
"Dolan, Linda",1101023540,37,IT Support,MA,2119,7/18/88,F,Married,US Citizen,White,1/5/15,,N/A - still employed,Active,IT/IS,Peter Monroe,Employee Referral,Fully Meets,4.11,6,36.83144491
"Smith, Leigh Ann",711007713,20.5,Administrative Assistant,MA,1844,6/14/87,F,Married,US Citizen,Asian,9/26/11,9/25/13,career change,Voluntarily Terminated,Admin Offices,Brandon R. LeBlanc,Diversity Job Fair,Fully Meets,3.8,4,36.74705252
"Gonzalez, Cayo",1411071212,16,Production Technician I,MA,2108,9/29/69,M ,Divorced,US Citizen,American Indian or Alaska Native,7/11/11,,N/A - still employed,Active,Production       ,Brannon Miller,Diversity Job Fair,Exceeds,1.83,0,36.67375616
"Anderson, Carol ",1001417624,16,Production Technician I,MA,2169,9/8/89,F,Divorced,US Citizen,White,7/11/11,9/6/11,return to school,Voluntarily Terminated,Production       ,Webster Butler,Word of Mouth,Fully Meets,5,0,36.4045017
"Becker, Scott",1110029777,17,Production Technician I,MA,2452,4/6/79,M ,Single,US Citizen,Asian,7/8/13,,N/A - still employed,Leave of Absence,Production       ,Webster Butler,MBTA ads,Fully Meets,1.09,0,36.27170984
"Meads, Elizabeth",1409070245,14,Production Technician I,MA,1760,5/30/68,F,Single,US Citizen,Black or African American,4/2/12,11/11/15,Another position,Voluntarily Terminated,Production       ,Kelley Spirea,Diversity Job Fair,Fully Meets,4.18,0,35.86806088
"Clukey, Elijian",1407069280,24.75,Production Technician I,MA,2134,8/26/80,M ,Married,US Citizen,White,7/6/16,,N/A - Has not started yet,Future Start,Production       ,Brannon Miller,Employee Referral,Exceeds,1.97,0,35.83040099
"Girifalco, Evelyn",1204032927,16,Production Technician I,MA,2451,5/8/80,F,Single,US Citizen,Two or more races,9/29/14,,N/A - still employed,Active,Production       ,Amy Dunn,Professional Society,Exceeds,3.39,0,35.59999269
"Carabbio, Judith",1101023577,56,Software Engineer,MA,2132,4/5/87,F,Single,US Citizen,White,11/11/13,,N/A - still employed,Active,Software Engineering,Alex Sweetwater,Pay Per Click - Google,Fully Meets,4.96,6,35.34555275
"Mancuso, Karen",1304055986,23,Production Technician II,MA,2176,12/10/86,F,Married,US Citizen,Two or more races,7/5/11,8/19/11,Another position,Voluntarily Terminated,Production       ,Amy Dunn,Newspager/Magazine,Fully Meets,5,0,35.33329191
"Stoica, Rick",1106026896,22,Production Technician I,MA,2301,3/14/85,M ,Married,US Citizen,Asian,2/17/14,,N/A - still employed,Active,Production       ,Kelley Spirea,On-campus Recruiting,Fully Meets,1.39,0,33.70975644
"Hendrickson, Trina",1011022932,24,Production Technician II,MA,2021,8/27/72,F,Single,US Citizen,White,1/10/11,2/18/13,hours,Voluntarily Terminated,Production       ,Kelley Spirea,Monster.com,Fully Meets,5,0,32.82004127
"Lydon, Allison",1101023353,20,Production Technician I,MA,2122,10/22/75,F,Married,US Citizen,Black or African American,2/16/15,,N/A - still employed,Leave of Absence,Production       ,Elijiah Gray,Website Banner Ads,Fully Meets,5,0,32.6345349
"Monroe, Peter",1011022863,63,IT Manager - Infra,MA,2134,10/5/86,M ,Married,Eligible NonCitizen,Hispanic,2/15/12,,N/A - still employed,Active,IT/IS,Jennifer Zamora,Diversity Job Fair,Needs Improvement,2.39,6,32.56044049
"Leruth, Giovanni",1412071660,55,Area Sales Manager,UT,84111,12/27/88,M ,Separated,US Citizen,Black or African American,4/30/12,,N/A - still employed,Active,Sales,John Smith,Website Banner Ads,Fully Meets,4.53,0,32.52183265
"True, Edward",1102024057,45.42,Software Engineer,MA,2451,6/14/83,M ,Single,Non-Citizen,Black or African American,2/18/13,4/15/14,medical issues,Voluntarily Terminated,Software Engineering,Alex Sweetwater,Diversity Job Fair,Fully Meets,1.11,4,32.45319722
"Leach, Dallas",1408069409,19,Production Technician I,MA,1810,1/17/79,F,Single,US Citizen,Asian,9/26/11,8/19/13,return to school,Voluntarily Terminated,Production       ,Kissy Sullivan,Monster.com,Fully Meets,4.88,0,32.2560245
"Soto, Julia ",1203032263,27.49,IT Support,MA,2360,3/12/73,F,Married,US Citizen,Black or African American,6/10/11,,N/A - still employed,Active,IT/IS,Eric Dougall,Information Session,Fully Meets,4.3,5,32.22916592
"Beak, Kimberly  ",1303054329,27,Production Technician II,MA,2145,4/17/66,F,Married,US Citizen,White,7/21/16,,N/A - Has not started yet,Future Start,Production       ,Kelley Spirea,Employee Referral,Exceeds,2.7,0,32.22426383
"Pitt, Brad ",1001735072,17,Production Technician I,MA,2451,11/23/81,M ,Single,US Citizen,Black or African American,11/5/07,,N/A - still employed,Active,Production       ,David Stanley,Search Engine - Google Bing Yahoo,Fully Meets,3.66,0,31.83790967
"Rogers, Ivan",1203032255,42.2,Data Analyst,MA,1810,8/26/86,M ,Married,US Citizen,White,3/30/15,,N/A - still employed,Active,IT/IS,Simon Roup,Pay Per Click - Google,Fully Meets,3.04,6,31.81029375
"Sahoo, Adil",1106026462,29,Production Technician II,MA,2062,4/26/86,M ,Married,US Citizen,White,8/30/10,,N/A - still employed,Active,Production       ,Kelley Spirea,Monster.com,Fully Meets,2.08,0,31.78369919
"Saada, Adell",1012023185,49.25,Software Engineer,MA,2132,7/24/86,F,Married,US Citizen,White,11/5/12,,N/A - still employed,Active,Software Engineering,Alex Sweetwater,Pay Per Click - Google,Fully Meets,1.74,6,31.77138071
"Biden, Lowan  M",1412071844,22,Production Technician I,MA,2027,12/27/58,F,Divorced,US Citizen,Asian,8/19/13,,N/A - still employed,Active,Production       ,Ketsia Liebig,Billboard,Fully Meets,2.39,0,31.71752818
"Garcia, Raul",1309061015,19,Production Technician I,MA,1905,9/15/85,M ,Single,US Citizen,White,3/30/15,,N/A - still employed,Active,Production       ,David Stanley,Employee Referral,Fully Meets,4.5,0,31.68446605
"Riordan, Michael",1502072711,55,Area Sales Manager,ND,58782,1/15/68,M ,Separated,US Citizen,White,1/9/06,,N/A - still employed,Active,Sales,Lynn Daneault,Billboard,Exceeds,4.1,0,31.65079985
"Knapp, Bradley  J",1304055683,14,Production Technician I,MA,1721,11/10/77,M ,Single,US Citizen,Black or African American,2/17/14,,N/A - still employed,Active,Production       ,Ketsia Liebig,On-campus Recruiting,Fully Meets,2.79,0,31.6433234
"Pham, Hong",1305057440,18,Production Technician I,MA,2451,3/6/88,M ,Married,US Citizen,White,7/5/11,11/30/12,more money,Voluntarily Terminated,Production       ,Brannon Miller,Search Engine - Google Bing Yahoo,Fully Meets,5,0,31.586432
"Billis, Helen",1308060366,16,Production Technician I,MA,2031,9/1/89,F,Married,US Citizen,White,7/7/14,,N/A - still employed,Active,Production       ,Brannon Miller,Professional Society,Exceeds,5,0,31.58275225
"Peterson, Kayla ",1307059944,17,Production Technician I,MA,1749,9/23/73,F,Married,US Citizen,White,4/26/10,,N/A - still employed,Active,Production       ,Ketsia Liebig,Search Engine - Google Bing Yahoo,Fully Meets,2.72,0,31.57105941
"South, Joe",1308060959,53,Sr. Network Engineer,CT,6278,9/9/65,M ,Single,US Citizen,White,11/10/14,,N/A - still employed,Active,IT/IS,Peter Monroe,Employee Referral,Fully Meets,5,4,31.56597205
"Foreman, Tanya",1012023204,24,Production Technician II,MA,2170,11/8/83,F,Married,US Citizen,White,4/4/11,1/9/12,career change,Voluntarily Terminated,Production       ,Ketsia Liebig,Word of Mouth,Fully Meets,3.66,0,31.5469472
"Gentry, Mildred",1501072192,19,Production Technician I,MA,2145,10/1/90,F,Married,US Citizen,Black or African American,3/30/15,,N/A - still employed,Active,Production       ,Michael Albert,Professional Society,Fully Meets,3.73,0,31.54595989
"Punjabhi, Louis  ",1401064562,16,Production Technician I,MA,2109,6/19/61,M ,Single,US Citizen,White,1/6/14,,N/A - still employed,Active,Production       ,Kelley Spirea,Employee Referral,Fully Meets,2.45,0,31.52679558
"Bachiochi, Linda",1212051409,22,Production Technician I,MA,1902,2/11/70,F,Single,US Citizen,Two or more races,7/6/09,,N/A - still employed,Leave of Absence,Production       ,Brannon Miller,Diversity Job Fair,Fully Meets,4.46,0,31.48815256
"Morway, Tanya",1001956578,27,Network Engineer,MA,2048,4/4/79,F,Married,US Citizen,White,2/16/15,,N/A - still employed,Active,IT/IS,Peter Monroe,Monster.com,Fully Meets,3.81,6,31.44245724
"Huynh, Ming",1306058509,23,Production Technician II,MA,1742,9/22/76,F,Divorced,US Citizen,White,2/21/11,4/1/13,unhappy,Voluntarily Terminated,Production       ,Amy Dunn,Search Engine - Google Bing Yahoo,Fully Meets,3.72,0,31.34075264
"Latif, Mohammed",1104025486,28,Production Technician II,MA,2126,5/9/84,M ,Married,US Citizen,White,4/2/12,4/15/13,more money,Voluntarily Terminated,Production       ,Kissy Sullivan,Word of Mouth,Fully Meets,1.84,0,31.23252512
"Owad, Clinton",1103024335,22,Production Technician I,MA,1760,11/24/79,M ,Single,US Citizen,Black or African American,2/17/14,,N/A - still employed,Active,Production       ,Michael Albert,MBTA ads,Needs Improvement,4.25,0,31.17288934
"Akinkuolie, Sarah",1005019209,29,Production Technician II,MA,1810,9/19/88,F,Married,US Citizen,White,7/5/11,9/24/12,hours,Voluntarily Terminated,Production       ,Kissy Sullivan,Newspager/Magazine,Fully Meets,3.02,0,31.05918124
"England, Rex",1101023612,21,Production Technician I,MA,2045,8/25/78,M ,Married,US Citizen,White,3/31/14,,N/A - still employed,Active,Production       ,Kelley Spirea,Employee Referral,Fully Meets,2.05,0,31.03232129
"Manchester, Robyn",1110029623,23,Production Technician II,MA,2324,8/25/76,F,Married,US Citizen,White,5/11/16,,N/A - Has not started yet,Future Start,Production       ,Webster Butler,Vendor Referral,Fully Meets,5,0,30.99246394
"Shepard, Anita ",906014183,47,Network Engineer,MA,1773,4/14/81,F,Married,US Citizen,White,9/30/14,,N/A - still employed,Active,IT/IS,Peter Monroe,Vendor Referral,Fully Meets,3.31,6,30.97040564
"Harrell, Ludwick",1406068241,21,Production Technician I,MA,1776,9/2/82,M ,Married,US Citizen,Asian,5/14/12,,N/A - still employed,Active,Production       ,Elijiah Gray,Search Engine - Google Bing Yahoo,Fully Meets,1.83,0,30.78250284
"Simard, Kramer",808010278,30.2,Data Analyst,MA,2110,2/8/70,M ,Married,US Citizen,White,1/5/15,,N/A - still employed,Active,IT/IS,Simon Roup,Employee Referral,Fully Meets,3.32,7,30.71954398
"Petingill, Shana  ",1103024843,26,Production Technician II,MA,2050,3/10/79,F,Married,Eligible NonCitizen,Asian,4/2/12,,N/A - still employed,Active,Production       ,Brannon Miller,MBTA ads,Fully Meets,2.61,0,30.68441484
"Monkfish, Erasumus",1404066711,27,Production Technician II,MA,1450,8/17/92,M ,Married,US Citizen,White,11/7/11,,N/A - still employed,Active,Production       ,David Stanley,Professional Society,Fully Meets,2.67,0,30.6660869
"Andreola, Colby",1107027358,47.6,Software Engineer,MA,2110,5/24/79,F,Single,US Citizen,White,11/10/14,,N/A - still employed,Active,Software Engineering,Alex Sweetwater,Vendor Referral,Fully Meets,3.04,4,30.66241602
"Wallace, Courtney  E",1410071026,33.5,Production Manager,MA,2478,11/14/55,F,Married,US Citizen,Black or African American,9/26/11,1/2/12,Another position,Voluntarily Terminated,Production       ,Janet King,Diversity Job Fair,Fully Meets,1.18,0,30.64892095
"Terry, Sharlene ",1401064637,55,Area Sales Manager,OR,97756,5/7/65,F,Single,US Citizen,Black or African American,9/29/14,,N/A - still employed,Active,Sales,Lynn Daneault,Monster.com,Fully Meets,3.69,0,30.62833259
"Hankard, Earnest",1307059937,24,Production Technician II,MA,2155,8/10/88,M ,Single,US Citizen,White,11/11/13,,N/A - still employed,Active,Production       ,Kelley Spirea,Newspager/Magazine,Fully Meets,5,0,30.56205876
"Roper, Katie",1009919950,55,Data Architect,MA,2056,11/21/72,F,Single,US Citizen,Black or African American,1/7/17,,N/A - still employed,Active,IT/IS,Brian Champaigne,Indeed,Fully Meets,4.94,5,30.5410487
"Ivey, Rose ",1408069882,16,Production Technician I,MA,1775,1/28/91,F,Single,US Citizen,White,8/19/13,,N/A - still employed,Active,Production       ,Brannon Miller,Professional Society,Fully Meets,3.99,0,30.45000159
"Zhou, Julia",1110029732,31.4,Data Analyst,MA,2148,2/24/79,F,Single,US Citizen,White,3/30/15,,N/A - still employed,Active,IT/IS,Simon Roup,Employee Referral,Fully Meets,5,5,30.41968326
"Roehrich, Bianca",1111030266,58.5,Principal Data Architect,MA,2703,5/27/73,F,Single,US Citizen,White,1/5/15,11/10/15,Another position,Voluntarily Terminated,IT/IS,Simon Roup,Vendor Referral,Fully Meets,3.88,7,30.3995234
"Hernandez, Daniff",1410071156,40.1,Database Administrator,MA,1960,8/7/86,M ,Married,US Citizen,Black or African American,2/16/15,2/22/15,"no-call, no-show",Terminated for Cause,IT/IS,Simon Roup,Employee Referral,Fully Meets,4.33,7,30.3817529
"Ngodup, Shari ",1403066020,15,Production Technician I,MA,1810,6/3/67,F,Separated,US Citizen,Asian,4/1/13,,N/A - still employed,Active,Production       ,Brannon Miller,Diversity Job Fair,Exceeds,1.12,0,30.20267842
"Wallace, Theresa",1101023619,15,Production Technician I,MA,1887,8/2/80,F,Single,US Citizen,White,8/13/12,9/1/15,career change,Voluntarily Terminated,Production       ,Elijiah Gray,Monster.com,Needs Improvement,1.27,0,30.19740863
"Tredinnick, Neville ",1104025466,28,Network Engineer,MA,1420,5/5/88,M ,Married,US Citizen,White,1/5/15,5/12/15,medical issues,Voluntarily Terminated,IT/IS,Peter Monroe,Monster.com,Fully Meets,5,5,30.14363055
"Smith, Sade",1501071909,24.5,Production Technician I,MA,2130,2/2/65,F,Single,US Citizen,White,11/11/13,,N/A - still employed,Active,Production       ,Ketsia Liebig,Employee Referral,Fully Meets,3.73,0,30.10652219
"Von Massenbach, Anna",1106026474,20,Production Technician I,MA,2124,4/6/85,F,Single,US Citizen,White,7/5/15,,N/A - Has not started yet,Future Start,Production       ,Michael Albert,Newspager/Magazine,Fully Meets,3.21,0,30.06104121
"Tejeda, Lenora ",1406068345,28.75,Production Technician II,MA,2129,5/24/53,F,Married,US Citizen,White,5/16/11,7/8/12,Another position,Voluntarily Terminated,Production       ,Elijiah Gray,Search Engine - Google Bing Yahoo,Fully Meets,3.93,0,30.05652849
"Butler, Webster  L",1110029990,55,Production Manager,MA,2169,8/9/83,M ,Single,US Citizen,White,1/28/16,,N/A - still employed,Active,Production       ,Janet King,Pay Per Click - Google,Exceeds,5,0,30.02530328
"Barbara, Thomas",1312063507,22,Production Technician I,MA,2062,2/21/74,M ,Married,US Citizen,Asian,4/2/12,9/19/12,unhappy,Voluntarily Terminated,Production       ,Kissy Sullivan,Diversity Job Fair,Fully Meets,1.98,0,30.02330311
"Ferguson, Susan",1502072511,20,Production Technician I,MA,2176,4/14/55,F,Married,US Citizen,White,11/7/11,5/17/14,military,Voluntarily Terminated,Production       ,Webster Butler,Search Engine - Google Bing Yahoo,Fully Meets,3.13,0,29.9629551
"Sweetwater, Alex",1001644719,27,Software Engineering Manager,MA,2184,11/22/66,M ,Single,US Citizen,White,8/15/11,,N/A - still employed,Active,Software Engineering,Jennifer Zamora,Search Engine - Google Bing Yahoo,Fully Meets,3.84,5,29.92585165
"Gonzalez, Juan",1411071324,29,Production Technician II,MA,2128,10/12/64,M ,Married,US Citizen,Black or African American,4/26/10,5/30/11,career change,Voluntarily Terminated,Production       ,Brannon Miller,Diversity Job Fair,PIP,4.35,0,29.89948138
"Johnson, Noelle ",1003018246,40,Database Administrator,MA,2301,11/7/86,F,Married,US Citizen,Asian,1/5/15,,N/A - still employed,Leave of Absence,IT/IS,Simon Roup,Glassdoor,Fully Meets,3.75,5,29.89412351
"Mangal, Debbie",1308060754,23,Production Technician I,MA,2451,11/7/74,F,Married,US Citizen,White,11/11/13,,N/A - still employed,Active,Production       ,Brannon Miller,On-campus Recruiting,Fully Meets,1.04,0,29.87130488
"Oliver, Brooke ",1001856521,25,Production Technician II,MA,2492,2/11/52,F,Married,US Citizen,Asian,5/14/12,8/19/13,unhappy,Voluntarily Terminated,Production       ,Webster Butler,Newspager/Magazine,Fully Meets,5,0,29.82205918
"Miller, Brannon",1107027351,53,Production Manager,MA,2045,8/10/81,M ,Single,US Citizen,Hispanic,8/16/12,,N/A - still employed,Active,Production       ,Janet King,Internet Search,Fully Meets,4.37,0,29.80771173
"Wilber, Barry",1101023839,21,Production Technician I,MA,2324,9/9/65,M ,Married,Eligible NonCitizen,White,5/16/11,9/7/15,unhappy,Voluntarily Terminated,Production       ,Amy Dunn,Website Banner Ads,Fully Meets,5,0,29.77602037
"Hutter, Rosalie",1103024924,28,Production Technician II,MA,2351,5/7/92,F,Separated,US Citizen,White,6/5/15,,N/A - Has not started yet,Future Start,Production       ,Webster Butler,Other,Fully Meets,2.63,0,29.63867985
"Osturnka, Adeel",1404066949,16,Production Technician I,MA,2478,12/11/76,M ,Married,US Citizen,White,9/30/13,,N/A - still employed,Active,Production       ,Kelley Spirea,On-campus Recruiting,Exceeds,2.86,0,29.58623118
"Gonzales, Ricardo",1411071481,55.5,Area Sales Manager,ID,83706,10/12/54,M ,Married,US Citizen,White,5/12/14,,N/A - still employed,Active,Sales,John Smith,Monster.com,Fully Meets,3.98,0,29.48308839
"Gray, Elijiah  ",1307060077,54,Production Manager,MA,1752,7/11/81,M ,Divorced,US Citizen,White,6/2/15,,N/A - still employed,Active,Production       ,Janet King,Employee Referral,Fully Meets,4.63,0,29.43025226
"Mullaney, Howard",1306057978,55,Area Sales Manager,AL,36006,11/2/75,M ,Single,US Citizen,Two or more races,9/29/14,,N/A - still employed,Active,Sales,John Smith,Internet Search,PIP,1.93,0,29.39887584
"Evensen, April",1107027392,18,Production Technician I,MA,2458,5/6/89,F,Single,US Citizen,White,2/17/14,2/25/14,"no-call, no-show",Terminated for Cause,Production       ,Elijiah Gray,Word of Mouth,Needs Improvement,1.04,0,29.20580313
"Bernstein, Sean",1109029366,16,Production Technician I,MA,2072,12/22/70,M ,Single,US Citizen,White,4/2/12,,N/A - still employed,Active,Production       ,Amy Dunn,Word of Mouth,Fully Meets,5,0,29.14453709
"Eaton, Marianne",1406067865,17,Production Technician I,MA,2343,9/5/91,F,Married,US Citizen,White,4/4/11,6/6/13,military,Voluntarily Terminated,Production       ,Kissy Sullivan,Search Engine - Google Bing Yahoo,Fully Meets,5,0,29.09863231
"Langford, Lindsey",1010022030,22,Production Technician II,MA,2090,7/25/79,F,Divorced,US Citizen,Asian,1/7/13,3/31/14,Another position,Voluntarily Terminated,Production       ,David Stanley,Glassdoor,Fully Meets,4.52,0,29.04663908
"Onque, Jasmine",1501072180,57,Area Sales Manager,FL,33174,5/11/90,F,Single,US Citizen,White,9/30/13,,N/A - still employed,Active,Sales,Lynn Daneault,Pay Per Click - Google,Fully Meets,4.28,0,28.99377994
"Clayton, Rick",1301052902,28.99,IT Support,MA,2170,9/5/85,M ,Single,US Citizen,White,9/5/12,,N/A - still employed,Active,IT/IS,Eric Dougall,Glassdoor,Fully Meets,2.55,6,28.90846602
"Ait Sidi, Karthikeyan   ",1307060199,62,Sr. DBA,MA,2148,5/5/75,M ,Married,US Citizen,White,3/30/15,6/16/16,career change,Voluntarily Terminated,IT/IS,Simon Roup,Company Intranet - Partner,Fully Meets,4.96,6,28.75548766
"Robinson, Cherly",1403065625,16,Production Technician I,MA,1460,1/7/85,F,Married,US Citizen,White,1/10/11,5/17/16,attendance,Terminated for Cause,Production       ,Ketsia Liebig,Glassdoor,Needs Improvement,3.6,0,28.71302594
"Monterro, Luisa",1001103149,25,Production Technician II,MA,2126,4/24/70,F,Single,US Citizen,Black or African American,5/13/13,,N/A - still employed,Active,Production       ,Kissy Sullivan,Billboard,Exceeds,2.55,0,28.67509654
"Bozzi, Charles",1303054580,50.5,Production Manager,MA,1901,3/10/70,M ,Single,US Citizen,Asian,9/30/13,8/7/14,retiring,Voluntarily Terminated,Production       ,Janet King,Billboard,Fully Meets,3.39,0,28.61308787
"Smith, Joe",1001970770,22,Production Technician II,MA,2045,10/30/63,M ,Single,US Citizen,White,9/29/14,,N/A - still employed,Active,Production       ,Elijiah Gray,Pay Per Click - Google,Exceeds,2.41,0,28.577856
"Winthrop, Jordan  ",1405067188,29,Production Technician II,MA,2045,11/7/58,M ,Single,US Citizen,White,1/7/13,2/21/16,retiring,Voluntarily Terminated,Production       ,Brannon Miller,Professional Society,Exceeds,1.67,0,28.55846921
"Darson, Jene'ya ",1001109612,15,Production Technician I,MA,2110,11/5/78,F,Married,US Citizen,White,7/2/12,,N/A - still employed,Active,Production       ,Elijiah Gray,Billboard,Fully Meets,5,0,28.55520599
"Sander, Kamrin",1302053362,21,Production Technician I,MA,2154,7/10/88,F,Married,US Citizen,Black or African American,9/29/14,,N/A - still employed,Active,Production       ,Elijiah Gray,On-campus Recruiting,Fully Meets,3.51,0,28.49808772
"King, Janet",1001495124,80,President & CEO,MA,1902,9/21/54,F,Married,US Citizen,White,7/2/12,,N/A - still employed,Active,Executive Office,Board of Directors,Pay Per Click - Google,Fully Meets,4.83,0,28.38068664
"Ndzi, Horia",1204033044,22,Production Technician I,MA,2421,3/28/83,M ,Married,US Citizen,White,4/1/13,5/25/16,more money,Voluntarily Terminated,Production       ,Amy Dunn,Employee Referral,Fully Meets,3.18,0,28.37598237
"Howard, Estelle",1211050782,21.5,Administrative Assistant,MA,2170,9/16/85,F,Married,US Citizen,White,2/16/15,4/15/15,,Terminated for Cause,Admin Offices,Brandon R. LeBlanc,Pay Per Click - Google,Fully Meets,3.24,4,28.33041687
"Ndzi, Colombui",1204033041,18,Production Technician I,MA,2110,5/2/89,M ,Single,US Citizen,Black or African American,9/26/11,4/4/14,return to school,Voluntarily Terminated,Production       ,Webster Butler,Diversity Job Fair,Fully Meets,2.61,0,28.10508388
"Jackson, Maryellen",1201031438,20,Production Technician I,MA,2081,9/11/72,F,Single,US Citizen,White,11/5/12,,N/A - still employed,Active,Production       ,David Stanley,Newspager/Magazine,Fully Meets,2.32,0,27.89171402
"Cole, Spencer",1001450968,15,Production Technician I,MA,1880,8/12/79,M ,Single,US Citizen,Black or African American,7/11/11,9/23/12,performance,Terminated for Cause,Production       ,Kissy Sullivan,MBTA ads,Needs Improvement,1.42,0,27.76758335
"Robinson, Alain  ",1206038000,24,Production Technician I,MA,1420,1/7/74,M ,Married,US Citizen,Black or African American,1/10/11,1/26/16,attendance,Voluntarily Terminated,Production       ,Amy Dunn,Glassdoor,Fully Meets,5,0,27.75840326
"Mckenna, Sandy",909015167,24,Production Technician I,MA,2184,1/7/87,F,Married,US Citizen,Black or African American,1/7/13,,N/A - still employed,Active,Production       ,Kissy Sullivan,Monster.com,Fully Meets,3.93,0,27.75325878
"Navathe, Kurt",1009919960,52.25,Senior BI Developer,MA,2056,4/25/70,M ,Single,US Citizen,Asian,2/10/17,,N/A - still employed,Active,IT/IS,Brian Champaigne,Indeed,Fully Meets,5,6,27.63252705
"Trzeciak, Cybil",1107027551,22,Production Technician II,MA,1778,3/15/85,F,Single,US Citizen,White,1/10/11,7/2/12,unhappy,Voluntarily Terminated,Production       ,Amy Dunn,Vendor Referral,Fully Meets,1.3,0,27.62063734
"Merlos, Carlos",1012023013,43,Network Engineer,MA,2138,6/18/87,M ,Single,US Citizen,White,3/30/15,,N/A - still employed,Active,IT/IS,Peter Monroe,Vendor Referral,PIP,1.2,6,27.60008761
"Good, Susan",1001549006,24.25,Production Technician II,MA,1886,5/25/86,F,Married,US Citizen,White,5/12/14,,N/A - still employed,Leave of Absence,Production       ,David Stanley,Professional Society,Fully Meets,2.04,0,27.59767215
"Johnston, Yen",1306057810,25,Production Technician II,MA,2128,9/8/69,F,Single,US Citizen,White,7/7/14,,N/A - still employed,Active,Production       ,Brannon Miller,Professional Society,Exceeds,1.51,0,27.5925129
"Kretschmer, John",1311062610,21,Production Technician I,MA,1801,2/2/80,M ,Married,US Citizen,Asian,1/10/11,,N/A - still employed,Active,Production       ,Brannon Miller,Pay Per Click - Google,Fully Meets,3.38,0,27.38580765
"Blount, Dianna",1403066125,27,Production Technician II,MA,2171,9/21/90,F,Single,US Citizen,White,4/4/11,,N/A - still employed,Active,Production       ,Michael Albert,Monster.com,Needs Improvement,1.16,0,27.32726204
"Carey, Michael  ",1311063114,20,Production Technician I,MA,1701,2/2/83,M ,Single,US Citizen,Black or African American,3/31/14,,N/A - still employed,Active,Production       ,Kelley Spirea,MBTA ads,Fully Meets,4.43,0,27.15745798
"Buccheri, Joseph  ",1101023457,22,Production Technician II,MA,1013,7/28/83,M ,Single,US Citizen,White,9/29/14,,N/A - still employed,Active,Production       ,Webster Butler,Word of Mouth,Fully Meets,3.19,0,27.12299822
"Linden, Mathew",1405067565,22,Production Technician II,MA,1770,3/19/79,M ,Married,US Citizen,White,7/8/13,,N/A - still employed,Leave of Absence,Production       ,Kelley Spirea,Information Session,Fully Meets,4,0,27.00947383
"Salter, Jason",1111030148,45,Data Analyst ,MA,2452,12/17/87,M ,Divorced,US Citizen,Black or African American,1/5/15,10/31/15,hours,Voluntarily Terminated,IT/IS,Simon Roup,Vendor Referral,Fully Meets,2.19,5,26.87953919
"Gordon, David",1106026579,15,Production Technician I,MA,2169,5/21/79,M ,Married,US Citizen,White,7/2/12,,N/A - still employed,Active,Production       ,David Stanley,MBTA ads,Fully Meets,5,0,26.49847282
"Valentin,Jackie",1312063714,55,Area Sales Manager,AZ,85006,5/23/91,F,Married,US Citizen,Two or more races,7/5/11,,N/A - still employed,Active,Sales,John Smith,Other,Fully Meets,2.81,0,26.28895213
"Singh, Nan ",1307059817,16.56,Administrative Assistant,MA,2330,5/19/88,F,Single,US Citizen,White,5/1/15,,N/A - still employed,Active,Admin Offices,Brandon R. LeBlanc,Website Banner Ads,Fully Meets,5,5,26.25400469
"Albert, Michael  ",1501072311,32,Production Manager,MA,2169,10/10/68,M ,Divorced,US Citizen,White,8/1/11,,N/A - still employed,Active,Production       ,Janet King,Employee Referral,Fully Meets,3.93,0,25.89107996
"Liebig, Ketsia",1103024679,35,Production Manager,MA,2110,10/26/81,F,Married,US Citizen,White,9/30/13,,N/A - still employed,Active,Production       ,Janet King,Website Banner Ads,Exceeds,3.66,0,25.83475842
"Westinghouse, Matthew",1009919990,45,BI Developer,MA,2134,10/24/87,M ,Married,US Citizen,White,4/20/17,,N/A - still employed,Active,IT/IS,Brian Champaigne,Indeed,Fully Meets,1.82,6,25.79480858
"Fraval, Maruk ",1411071302,34,Area Sales Manager,CT,6050,8/28/63,M ,Single,US Citizen,Black or African American,9/6/11,,N/A - still employed,Active,Sales,Lynn Daneault,Monster.com,Fully Meets,1.64,0,22.41027469
Jeremy Prater,1001084890,32,Area Sales Manager,NV,89139,5/9/74,M ,Married,US Citizen,White,5/12/14,,N/A - still employed,Active,Sales,Lynn Daneault,Website Banner Ads,PIP,1.81,0,21.86582009
"Desimone, Carl ",1501072124,20,Production Technician I,MA,2061,4/19/67,M ,Married,US Citizen,White,7/7/14,,N/A - still employed,Active,Production       ,Amy Dunn,Professional Society,PIP,1.12,0,21.04304433
"Miller, Ned",1205033439,22,Production Technician II,MA,2472,6/29/85,M ,Single,US Citizen,White,8/15/11,9/4/14,unhappy,Voluntarily Terminated,Production       ,Brannon Miller,MBTA ads,PIP,5,0,20.16293306
"Immediato, Walter",1403065874,21,Production Manager,MA,2128,11/15/76,M ,Married,US Citizen,Asian,2/21/11,9/24/12,unhappy,Voluntarily Terminated,Production       ,Janet King,Other,Needs Improvement,2.34,0,19.67797214
"Brown, Mia",1103024456,28.5,Accountant I,MA,1450,11/24/87,F,Married,US Citizen,Black or African American,10/27/08,,N/A - still employed,Active,Admin Offices,Brandon R. LeBlanc,Diversity Job Fair,Fully Meets,2.04,6,19.63219987
"Sparks, Taylor  ",1410071137,16,Production Technician I,MA,2093,7/20/68,F,Married,US Citizen,White,2/20/12,,N/A - still employed,Active,Production       ,Brannon Miller,Billboard,PIP,4.11,0,19.46655086
"O'hare, Lynn",1206044851,18.5,Production Technician I,MA,2152,9/30/80,F,Single,US Citizen,Two or more races,3/31/14,5/1/16,performance,Terminated for Cause,Production       ,Kissy Sullivan,Professional Society,PIP,3.09,0,19.34040491
"Ybarra, Catherine ",1001268402,22,Production Technician I,MA,2458,5/4/82,F,Single,US Citizen,Asian,9/2/08,9/29/15,Another position,Voluntarily Terminated,Production       ,Brannon Miller,Search Engine - Google Bing Yahoo,PIP,4.29,0,17.89091579
"Stanley, David ",1000974650,23,Production Manager,MA,1803,12/17/75,M ,Divorced,US Citizen,White,7/20/10,,N/A - still employed,Active,Production       ,Janet King,Monster.com,Needs Improvement,4.13,0,16.82206708
"Dietrich, Jenna  ",1408069481,21,Area Sales Manager,WA,98052,5/14/87,F,Single,US Citizen,White,2/20/12,,N/A - still employed,Active,Sales,John Smith,Website Banner Ads,PIP,2.3,0,10.80956899
"Erilus, Angela",1105025661,20,Production Technician II,MA,2133,8/25/89,F,Separated,US Citizen,White,7/7/14,,N/A - still employed,Active,Production       ,Michael Albert,Pay Per Click - Google,PIP,4.59,0,9.379034134